{
    "root_group": {
        "name": "",
        "path": "",
        "id": "d41d8cd98f00b204e9800998ecf8427e",
        "groups": {},
        "checks": {
                "get 200": {
                    "name": "get 200",
                    "path": "::get 200",
                    "id": "2c445af86d719d43e970db9ef11acf1c",
                    "passes": 30001,
                    "fails": 0
                },
                "create 201": {
                    "name": "create 201",
                    "path": "::create 201",
                    "id": "156654209db568811cc0f7da2d599478",
                    "passes": 3000,
                    "fails": 0
                },
                "promotion 201": {
                    "name": "promotion 201",
                    "path": "::promotion 201",
                    "id": "c4b18ec0b624ad0eda3a170cc4ddd9f1",
                    "passes": 1501,
                    "fails": 0
                },
                "publish 200": {
                    "passes": 3000,
                    "fails": 0,
                    "name": "publish 200",
                    "path": "::publish 200",
                    "id": "a99b3fdb9038047a318809db592e0e43"
                }
            }
    },
    "metrics": {
        "data_sent": {
            "count": 5543984,
            "rate": 18478.750783511794
        },
        "vus_max": {
            "value": 130,
            "min": 130,
            "max": 130
        },
        "http_req_waiting": {
            "med": 17.895,
            "max": 456.875,
            "p(90)": 23.6639,
            "p(95)": 27.910249999999976,
            "avg": 19.411978054503727,
            "min": 12.559
        },
        "checks": {
            "passes": 37502,
            "fails": 0,
            "value": 1
        },
        "http_req_duration{op:promotion}": {
            "p(95)": 29.825,
            "avg": 21.619447701532277,
            "min": 13.802,
            "med": 19.958,
            "max": 246.187,
            "p(90)": 26.137,
            "thresholds": {
                "p(99)<1000": false
            }
        },
        "http_reqs": {
            "count": 37502,
            "rate": 124.9985771754138
        },
        "http_req_sending": {
            "min": 0.001,
            "med": 0.021,
            "max": 1.34,
            "p(90)": 0.034,
            "p(95)": 0.04,
            "avg": 0.022002773185428773
        },
        "http_req_duration{op:create}": {
            "med": 19.579,
            "max": 243.047,
            "p(90)": 26.2604,
            "p(95)": 31.522799999999968,
            "avg": 21.116892666666697,
            "min": 13.698,
            "thresholds": {
                "p(99)<1000": false
            }
        },
        "http_req_blocked": {
            "p(95)": 0.012,
            "avg": 0.0767456668977641,
            "min": 0,
            "med": 0.006,
            "max": 62.291,
            "p(90)": 0.009
        },
        "http_req_duration": {
            "avg": 19.483898698736105,
            "min": 12.615,
            "med": 17.969,
            "max": 456.934,
            "p(90)": 23.747700000000005,
            "p(95)": 27.992949999999997
        },
        "vus": {
            "max": 6,
            "value": 2,
            "min": 2
        },
        "http_req_connecting": {
            "med": 0,
            "max": 62.195,
            "p(90)": 0,
            "p(95)": 0,
            "avg": 0.07024505359714149,
            "min": 0
        },
        "http_req_duration{op:publish}": {
            "avg": 21.010444666666647,
            "min": 15.016,
            "med": 19.7775,
            "max": 243.647,
            "p(90)": 25.0357,
            "p(95)": 28.72545,
            "thresholds": {
                "p(99)<1000": false
            }
        },
        "data_received": {
            "count": 16154060,
            "rate": 53843.38210245494
        },
        "http_req_receiving": {
            "p(95)": 0.093,
            "avg": 0.04991787104687677,
            "min": 0.005,
            "med": 0.047,
            "max": 1.266,
            "p(90)": 0.077
        },
        "http_req_duration{op:read}": {
            "avg": 19.06111016299465,
            "min": 12.615,
            "med": 17.532,
            "max": 456.934,
            "p(90)": 23.158,
            "p(95)": 27.298,
            "thresholds": {
                "p(99)<500": false
            }
        },
        "iterations": {
            "count": 34502,
            "rate": 114.99922430020071
        },
        "http_req_duration{expected_response:true}": {
            "med": 17.969,
            "max": 456.934,
            "p(90)": 23.747700000000005,
            "p(95)": 27.992949999999997,
            "avg": 19.483898698736105,
            "min": 12.615
        },
        "iteration_duration": {
            "avg": 21.479548620659656,
            "min": 12.807709,
            "med": 18.144479,
            "max": 457.142875,
            "p(90)": 35.91856610000001,
            "p(95)": 40.8495024
        },
        "http_req_failed": {
            "passes": 0,
            "fails": 37502,
            "thresholds": {
                "rate<0.01": false
            },
            "value": 0
        },
        "http_req_tls_handshaking": {
            "avg": 0,
            "min": 0,
            "med": 0,
            "max": 0,
            "p(90)": 0,
            "p(95)": 0
        }
    }
}